{"version":2,"languages":{"bun":{"specfileHash":"32991b75897b14c8d4497db3c914be2b","lockfileHash":"932c1296cce123aa682ae00c18ba1262","guessedImports":["@replit/vite-plugin-shadcn-theme-json","tailwindcss","@tailwindcss/typography","vite","@vitejs/plugin-react","@replit/vite-plugin-runtime-error-modal","drizzle-kit","tailwindcss-animate"],"guessedImportsHash":"36ddde7162d77428665ff0a9fbe22ced"},"nodejs-npm":{"specfileHash":"fc974a0eeb3db0e71a86c3dcd6296f7c","lockfileHash":"d05b8f3a6e3c65745efda1655b5f761d","guessedImports":["@replit/vite-plugin-runtime-error-modal","@replit/vite-plugin-shadcn-theme-json","tailwindcss","tailwindcss-animate","@tailwindcss/typography","@vitejs/plugin-react","drizzle-kit","vite"],"guessedImportsHash":"5eabf901939eda6f066ddba95bcffd5d"}}}
